{
    "in": {
        "set": {
            "inv": false,
            "trim": 0,
            "bal": 0,
            "dlymode": "M",
            "dly": 0,
            "dlyon": false,
            "$g": 0.5
        }
    },
    "flt": {
        "lc": false,
        "lcf": 100.2374573,
        "hc": false,
        "hcf": 10090.66504,
        "tf": false,
        "mdl": "TILT",
        "tilt": 0
    },
    "clink": true,
    "icon": 614,
    "led": true,
    "mute": true,
    "fdr": -144,
    "pan": 0,
    "wid": 100,
    "solosafe": false,
    "mon": "A",
    "proc": "GEDI",
    "ptap": "4",
    "peq": {
        "on": false,
        "1g": 0,
        "1f": 99.68543243,
        "1q": 1.411322355,
        "2g": 0,
        "2f": 999.2504883,
        "2q": 1.411322355,
        "3g": 0,
        "3f": 10016.52734,
        "3q": 1.411322355
    },
    "gate": {
        "on": true,
        "mdl": "DUCK",
        "thr": -24,
        "range": 4.5,
        "att": 100,
        "hld": 200,
        "rel": 4000.000488
    },
    "gatesc": {
        "type": "OFF",
        "f": 1002.37439,
        "q": 1.411322355,
        "src": "CH.39",
        "tap": "IN"
    },
    "eq": {
        "on": true,
        "mdl": "STD",
        "mix": 100,
        "lg": 0,
        "lf": 80.19641876,
        "lq": 1.411322355,
        "leq": "SHV",
        "1g": 0,
        "1f": 200,
        "1q": 1.411322355,
        "2g": 0,
        "2f": 601.3883667,
        "2q": 1.411322355,
        "3g": 0,
        "3f": 1499.78833,
        "3q": 1.411322355,
        "4g": 0,
        "4f": 3990.524414,
        "4q": 1.411322355,
        "hg": 0,
        "hf": 11999.27539,
        "hq": 1.411322355,
        "heq": "SHV"
    },
    "dyn": {
        "on": true,
        "mdl": "COMP",
        "mix": 100,
        "gain": 0,
        "thr": -30,
        "ratio": 10,
        "knee": 2,
        "det": "PEAK",
        "att": 3,
        "hld": 13,
        "rel": 152.5651855,
        "env": "LOG",
        "auto": true
    },
    "dynxo": {
        "depth": 6,
        "type": "OFF",
        "f": 1002.37439
    },
    "dynsc": {
        "type": "OFF",
        "f": 1002.37439,
        "q": 1.411322355,
        "src": "SELF",
        "tap": "IN"
    },
    "preins": {
        "on": false,
        "ins": "NONE"
    },
    "main": {
        "1": {
            "on": false,
            "lvl": 0,
            "pre": false
        },
        "2": {
            "on": false,
            "lvl": 0,
            "pre": false
        },
        "3": {
            "on": false,
            "lvl": 0,
            "pre": false
        },
        "4": {
            "on": false,
            "lvl": 0,
            "pre": false
        }
    },
    "send": {
        "1": {
            "on": false,
            "lvl": -144,
            "pon": false,
            "ind": false,
            "mode": "PRE",
            "plink": false,
            "pan": 0
        },
        "2": {
            "on": false,
            "lvl": -144,
            "pon": false,
            "ind": false,
            "mode": "PRE",
            "plink": false,
            "pan": 0
        },
        "3": {
            "on": false,
            "lvl": -144,
            "pon": false,
            "ind": false,
            "mode": "PRE",
            "plink": false,
            "pan": 0
        },
        "4": {
            "on": false,
            "lvl": -144,
            "pon": false,
            "ind": false,
            "mode": "PRE",
            "plink": false,
            "pan": 0
        },
        "5": {
            "on": false,
            "lvl": -144,
            "pon": false,
            "ind": false,
            "mode": "PRE",
            "plink": false,
            "pan": 0
        },
        "6": {
            "on": false,
            "lvl": -144,
            "pon": false,
            "ind": false,
            "mode": "PRE",
            "plink": false,
            "pan": 0
        },
        "7": {
            "on": false,
            "lvl": -144,
            "pon": false,
            "ind": false,
            "mode": "GRP",
            "plink": false,
            "pan": 0
        },
        "8": {
            "on": true,
            "lvl": -144,
            "pon": false,
            "ind": false,
            "mode": "GRP",
            "plink": false,
            "pan": 0
        },
        "9": {
            "on": false,
            "lvl": -144,
            "pon": false,
            "ind": false,
            "mode": "PRE",
            "plink": false,
            "pan": 0
        },
        "10": {
            "on": false,
            "lvl": -144,
            "pon": false,
            "ind": false,
            "mode": "PRE",
            "plink": false,
            "pan": 0
        },
        "11": {
            "on": false,
            "lvl": -144,
            "pon": false,
            "ind": false,
            "mode": "PRE",
            "plink": false,
            "pan": 0
        },
        "12": {
            "on": false,
            "lvl": -144,
            "pon": false,
            "ind": false,
            "mode": "POST",
            "plink": false,
            "pan": 0
        },
        "13": {
            "on": false,
            "lvl": -144,
            "pon": false,
            "ind": false,
            "mode": "POST",
            "plink": false,
            "pan": 0
        },
        "14": {
            "on": true,
            "lvl": -144,
            "pon": false,
            "ind": false,
            "mode": "GRP",
            "plink": false,
            "pan": 0
        },
        "15": {
            "on": false,
            "lvl": -144,
            "pon": false,
            "ind": false,
            "mode": "GRP",
            "plink": false,
            "pan": 0
        },
        "16": {
            "on": false,
            "lvl": -144,
            "pon": false,
            "ind": false,
            "mode": "GRP",
            "plink": false,
            "pan": 0
        }
    },
    "postins": {
        "on": false,
        "mode": "FX",
        "ins": "NONE",
        "w": 0
    },
    "tags": "game,online"
}